Week_Index,Week_Start,Week_End,Routes,Avg_SOC,Max_SOC [-],Min_SOC [-],Avg_DOD [-],Avg_Batt_Temp,Avg_Amb_Temp [degC],weeklyAvgBattP,weeklyDistance [km],weeklyTotDistance [km],weeklyDRegEn [kWh],weeklyDNetEn [kWh],weeklyEnAux [kWh],weeklyTotRegEn [kWh],weeklyTotNetEn [kWh],weeklyTotAux [kWh],weeklyAvgCrateChg [1/h],weeklyCycles [-],weeklyTotCycles [-],weeklyDrivingTime [h],weeklyChargingTime [h],weeklyparkingTime [h],Avg_Qcyc,Avg_Qcal,Avg_Qloss
1,01-Jan-2020,07-Jan-2020,route2,0.630292039735261,0.920005952625092,0.283578448834624,0.598567821755351,22.2591157656576,6.02771215943837,-62.1819578886039,1816.99389293772,1816.99389293772,1315.9782801876681,3279.2487967513516,453.822318888896,1315.9782801876681,3279.2487967513516,11.3455579722224,0.251933283533098,7.0,7,94.3180555555556,16.75,56.9319444444444,0.488032260701919,0.118932179588604,0.606964440290523
2,08-Jan-2020,14-Jan-2020,route2,0.632211274686379,0.920006326810436,0.253132786744384,0.603604392472672,22.1931726245271,1.72328295240847,-65.724899041345,1558.18810630618,3375.1819992439,1421.2655995349123,3786.82391583988,974.612898715588,2737.2438797225805,7066.07271259124,35.710880440112,0.252016673628571,7.0,14,81.3947222222222,16.6527777777778,69.9525,1.00753921057761,0.323962646264593,1.3315018568422
3,15-Jan-2020,21-Jan-2020,route2,0.615594288778235,0.920006576276233,0.201627658161354,0.642541974601159,22.0882779047349,-4.21548952799206,-68.3380455204572,1462.00482231123,4837.18682155513,1287.3797479269201,4229.93423689244,1196.4774,4024.62362764952,11296.00694948364,65.622815440112,0.253287669679997,7.0,21,77.9311111111111,17.5611111111111,72.5077777777778,1.35532105234625,0.46247171950053,1.81779277184678
4,22-Jan-2020,28-Jan-2020,route2,0.613652033002978,0.920005617431937,0.194419947493894,0.654775766759688,22.0079147308766,-9.16590785513096,-74.9024191438419,1171.48992196797,6008.6767435231,1304.7587701173002,3982.108536159172,1233.99367907968,5329.3823977668,15278.115485642842,96.472657417104,0.253740717220789,7.0,28,59.4361111111111,17.8111111111111,90.7527777777778,1.65240614212189,0.592117331487568,2.24452347360945
5,29-Jan-2020,04-Feb-2020,"route2,route1",0.625335872584713,0.920006242089391,0.254511246175067,0.623390259687897,22.1335983417719,-2.07266456883089,-69.5609498349971,1471.53673848424,7480.21348200734,1176.146797904192,3295.835209972768,544.759369501028,6505.529195671001,18573.9506956156,110.09164165463,0.252658026388494,7.0,35,70.8988888888889,16.95,80.1511111111111,1.9071453484336,0.702520073553039,2.60966542198664
6,05-Feb-2020,11-Feb-2020,route1,0.628863867135658,0.920006724201884,0.268306826715777,0.617658931652369,22.1890380889828,0.505964989578754,-69.968872749019,1515.50124194255,8995.71472394989,1039.2289249325402,2813.185424266332,713.1455981409281,7544.758120603521,21387.13611988192,127.920281608153,0.252403406925054,7.0,42,68.4730555555556,16.7111111111111,82.8158333333333,2.15235367224583,0.811237388935784,2.96359106118162
7,12-Feb-2020,18-Feb-2020,route1,0.624990240839574,0.920005822151835,0.244104167526487,0.616155215611584,22.1708833992637,1.39074509765282,-64.3247483265948,1764.19515134002,10759.9098752899,1235.6512779839481,3012.7857195945685,429.883462118844,8780.409398587479,24399.92183947648,138.667368161124,0.252381209444049,7.0,49,86.0308333333333,16.625,65.3441666666667,2.36686371634944,0.888157103472982,3.25502081982242
8,19-Feb-2020,25-Feb-2020,route1,0.624203966388618,0.920006158250172,0.267021981068209,0.623268171267601,22.2329799460895,3.47077288582622,-65.8466811743995,984.483091240529,11744.3929665304,1054.878489897344,2441.139104423948,382.90008450051926,9835.287888484801,26841.06094390044,148.239870273637,0.252478874078027,4.0,53,45.3558333333333,9.56666666666667,113.0775,2.53890523278113,0.950452777208329,3.48935800998946
9,26-Feb-2020,03-Mar-2020,route1,0.634951267893333,0.920002626671969,0.291166748726224,0.601625157567311,22.2767211818279,7.44374492708065,-62.5952982796085,1089.65311010248,12834.0460766329,1189.733748456928,2967.974340261828,319.93401046044636,11025.021636941761,29809.03528416228,156.238220535148,0.251859478942781,4.0,57,51.1408333333333,9.26666666666667,107.5925,2.65606417954725,0.988092877500181,3.64415705704743
10,04-Mar-2020,10-Mar-2020,"route1,route46",0.635037177327275,0.920006518830478,0.298996814151724,0.59352039528114,22.4329285474912,13.2916429326658,-67.0785389217148,1990.01127872906,14824.057355362,274.61260718077637,1035.5304014556602,106.3550992486112,11299.634244122519,30844.565685617927,158.897098016363,0.251490923300289,7.0,64,77.7511111111111,15.9694444444444,74.2794444444445,2.82830584099678,1.04775051013163,3.87605635112841
11,11-Mar-2020,17-Mar-2020,route46,0.650451789628706,0.920005955619115,0.314016950939192,0.585277860553505,22.3089757354231,5.36737544716345,-77.7300461436405,1597.45951572804,16421.51687109,194.71009016454605,865.2613249241521,151.7644201521464,11494.344334287081,31709.82701054208,162.691208520167,0.251388031017768,7.0,71,52.9008333333333,15.7305555555556,99.3686111111112,2.96757638032531,1.13222290521915,4.09979928554446
12,18-Mar-2020,24-Mar-2020,route46,0.649854972169915,0.920005993849186,0.314346030232348,0.585063561803703,22.4366061732535,9.88130168479765,-78.3698112596986,1626.71527479982,18048.2321458898,254.5969813991852,840.5508412997639,33.209059027777805,11748.941315686241,32550.377851841844,163.521434995862,0.251341860210409,7.0,78,51.5169444444444,15.7222222222222,100.760833333333,3.10659449802609,1.22382258327338,4.33041708129947
13,25-Mar-2020,31-Mar-2020,route46,0.648405833840174,0.920006318869802,0.316045897501712,0.585548742105681,22.437763713038,11.0267540867583,-76.41615004272,1714.43951609276,19762.6716619826,161.59170723200123,892.84068383832,59.50840685571001,11910.53302291824,33443.218535680164,165.009145167254,0.251296651514537,7.0,85,56.9072222222222,15.6638888888889,95.4288888888889,3.23829838295447,1.30713743453741,4.54543581749188
14,01-Apr-2020,07-Apr-2020,"route46,route2",0.62459934616038,0.920004515454321,0.254199688682037,0.615406210488144,22.3785478403344,11.191964315653,-61.6689872593881,1953.14136961793,21715.8130316005,1296.9077397509961,2712.4095127237283,244.67981447546282,13207.44076266924,36155.62804840388,171.126140529141,0.252224824397646,7.0,92,96.0727777777778,16.375,55.5522222222222,3.38660527004446,1.37467887238104,4.7612841424255
15,08-Apr-2020,14-Apr-2020,route2,0.633241407218461,0.920006427057513,0.256978578543029,0.600483850576322,22.3345154177821,8.74681046224503,-64.6248963559484,1621.0791786409,23336.8922102414,1364.794792834884,2949.194165467792,122.4470533769064,14572.235555504121,39104.82221387168,174.187316863564,0.251849179901683,7.0,99,80.9011111111111,15.9833333333333,71.1155555555555,3.57917281905911,1.42684421976172,5.00601703882083
16,15-Apr-2020,21-Apr-2020,route2,0.627359110762878,0.920005645019755,0.280370448231639,0.594372343432162,22.352973921032,13.9400551406528,-55.9580430324139,2139.84423728643,25476.7364475278,1064.787499102344,2463.745631369612,391.18714747130883,15637.02305460648,41568.567845241196,183.966995550346,0.251826101344038,7.0,106,115.025277777778,16.0111111111111,36.963611111111,3.76185614436466,1.48020062909934,5.242056773464
17,22-Apr-2020,28-Apr-2020,route2,0.623074287517613,0.920006302007754,0.268889951737919,0.613142923832751,22.4338328807795,13.1295360253017,-62.9407897714491,1781.71802986732,27258.4544773952,1324.2913242987202,2869.8614506338363,125.3468903508772,16961.3143789052,44438.429295875205,187.100667809118,0.252080698717883,7.0,113,88.5319444444444,16.1944444444444,63.2736111111111,3.9335977030585,1.51434276612343,5.44794046918193
18,29-Apr-2020,05-May-2020,"route2,route1",0.63365833695164,0.92000643676782,0.271229474523496,0.582877604848852,22.4734677241872,18.3809980739781,-59.3248908200781,2037.22007685611,29295.6745542513,1200.074309225976,2655.410717509808,145.7826176691484,18161.38868813116,47093.8400133848,190.745233250847,0.251386863695279,7.0,120,98.0352777777778,15.6305555555556,54.3341666666666,4.10600564179028,1.56704785439042,5.6730534961807
19,06-May-2020,12-May-2020,route1,0.631669667831595,0.920005441278683,0.293585350315946,0.599116806790577,22.5652359441283,23.4750019784355,-58.1513555333132,2253.82361426292,31549.4981685142,1399.59370980162,2791.4442138598206,200.7092547734208,19560.982397932803,49885.2842272448,195.762964620182,0.251595159611473,7.0,127,104.432777777778,15.8611111111111,47.706111111111,4.27452491813462,1.60849601134434,5.88302092947895
20,13-May-2020,19-May-2020,route1,0.630472809752405,0.920004392671169,0.274394192287172,0.593280120921527,22.4482204503858,17.7293131221837,-58.2685420113069,2215.88834725983,33765.386515774,1380.9075024046122,2745.580317014672,134.47144444444442,20941.889900337403,52630.86454425961,199.124750731294,0.251656567994671,7.0,134,102.919722222222,15.7555555555556,49.3247222222222,4.43862587155262,1.64611504780845,6.08474091936108
21,20-May-2020,26-May-2020,"route1,route2",0.62677998246929,0.920006524192571,0.287143044582732,0.528786880849715,22.4835413916434,18.5642041602371,-59.0863087405402,2157.37015469624,35922.7566704703,1051.941607175472,2047.3207072492203,150.984060858586,21993.831507512885,54678.18525150881,202.899352252758,0.251885184752079,7.0,141,100.954166666667,15.9444444444444,51.1013888888889,4.60196893218881,1.68760813541462,6.28957706760343
22,27-May-2020,02-Jun-2020,route2,0.643119375071159,0.920006317063393,0.264164056113456,0.582876450313696,22.5129803495083,19.1295450616782,-61.6905784620828,1263.76359265721,37186.5202631275,1293.1460965487602,2858.722895134404,200.4727348477444,23286.97760406164,57536.908146643196,207.911170623952,0.251217586849939,5.0,146,62.6169444444444,10.9583333333333,94.4247222222222,4.72942617391133,1.72101702285567,6.450443196767
23,03-Jun-2020,09-Jun-2020,route2,0.638919720498153,0.920003323808124,0.328531990026365,0.588120986784969,22.5691363948732,24.0365468752724,-58.3622513455358,292.175186992217,37478.6954501197,1317.890004539884,2607.1955267426083,133.17741919191923,24604.867608601522,60144.1036733856,211.24060610375,0.251149894606318,1.0,147,13.9369444444444,2.19722222222222,151.865833333333,4.79589945143581,1.74472575105273,6.54062520248854
24,10-Jun-2020,16-Jun-2020,route2,0.629848167292644,0.920006705455036,0.266132367867263,0.599806492225533,22.599569703752,25.5086157803535,-57.3950461385047,2073.01979994897,39551.7152500687,1391.0799271378162,2692.8802931827563,138.7534444444444,25995.94753573936,62836.9839665684,214.709442214861,0.251856408870661,7.0,154,107.415,15.9027777777778,44.6822222222222,4.88422475325899,1.76591527609857,6.65014002935756
25,17-Jun-2020,23-Jun-2020,route2,0.630576574107932,0.920006349962642,0.271066010838827,0.598148412954389,22.5548811340181,22.7255898957283,-57.9374216625559,2075.03980833787,41626.7550584065,1322.915201768156,2824.6716448713,177.79360780246043,27318.86273750748,65661.6556114396,219.154282409922,0.251800905770546,7.0,161,104.825833333333,15.8166666666667,47.3575,5.03292644103203,1.79657714561846,6.82950358665049
26,24-Jun-2020,30-Jun-2020,route2,0.640412904459676,0.920006641070069,0.300892926428354,0.581358345170337,22.5169894634274,22.9238511080584,-56.4906059280489,2044.07607584293,43670.8311342495,1420.7892739209642,2747.3798515259605,136.4230328282828,28739.652011428483,68409.0354629656,222.564858230629,0.251089906989777,7.0,168,105.117222222222,15.2,47.6827777777778,5.18680986343271,1.83710176813716,7.02391163156987
27,01-Jul-2020,07-Jul-2020,"route2,route1",0.631005327851095,0.920005987859602,0.292928380777652,0.525869359821948,22.5426978803547,23.1501920107963,-57.5890030246211,2200.46986074363,45871.3009949931,1072.774765246684,2188.884890098248,161.35727294685998,29812.426776675158,70597.92035306401,226.598790054301,0.251588391554218,7.0,175,104.067222222222,15.6055555555556,48.3272222222221,5.33392349535862,1.87344124993854,7.20736474529716
28,08-Jul-2020,14-Jul-2020,route1,0.628582412854231,0.920005832878503,0.269006710539837,0.531935383789523,22.523741416094,23.6361122897464,-55.4910794908863,2392.43168384977,48263.7326788429,1020.2647115253562,2130.838243164944,153.8614444444444,30832.691488200522,72728.7585962288,230.445326165412,0.25180547558543,7.0,182,113.743888888889,15.7444444444444,38.5116666666667,5.47772880618345,1.90780967641637,7.38553848259983
29,15-Jul-2020,21-Jul-2020,route1,0.634175261422637,0.920006741634055,0.287015041128151,0.588199876736604,22.4745585097282,22.0294247640365,-55.3616168711471,2322.12117259835,50585.8538514412,1396.0899227047962,3023.038999827528,145.8016398839508,32228.781410905285,75751.7975960564,234.090367162511,0.251390729302585,7.0,189,113.628611111111,15.3416666666667,39.0297222222222,5.61213747335572,1.93206217164473,7.54419964500045
30,22-Jul-2020,28-Jul-2020,route2,0.632535389279382,0.920006608333004,0.301184140259046,0.512734561928633,22.4197591360024,21.9205331112977,-51.0619352556484,2367.93108625325,52953.7849376945,1070.106008783996,2135.0260078843085,162.70411111111122,33298.88741968929,77886.82360394081,238.157969940289,0.251334493602608,7.0,196,129.356666666667,15.2666666666667,23.3766666666665,5.75099955591127,1.95808908445474,7.709088640366
31,29-Jul-2020,04-Aug-2020,route2,0.635214091291107,0.920006742479782,0.264689014665809,0.519982314481146,22.5575127237364,23.3098833251705,-58.1832894803141,1976.7394667444,54930.5244044389,991.4208000696801,1969.998233625796,138.526,34290.30821975896,79856.8218375664,241.621119940289,0.251499582039911,7.0,203,99.4044444444445,15.3916666666667,53.2038888888889,5.88846171049711,1.98607767318842,7.87453938368552
32,05-Aug-2020,11-Aug-2020,route2,0.645189337735702,0.920007117066325,0.314339991462736,0.501087036097577,22.4840634517823,23.5662280679566,-54.8223246680583,2044.63521166551,56975.1596161044,1128.687183409852,2182.724575031376,198.65043694255078,35418.99540316884,82039.54641259799,246.587380863852,0.250734303499592,7.0,210,107.769722222222,14.7861111111111,45.4441666666666,6.01801144705111,2.02566335554191,8.04367480259301
33,12-Aug-2020,18-Aug-2020,,,,,,,,,,56975.1596161044,,,,35418.99540316884,82039.54641259799,246.587380863852,,,210,,,,,,
34,19-Aug-2020,25-Aug-2020,route2,0.629410858866396,0.920000061398809,0.310055728131002,0.604999032696063,22.5893648547502,24.5918458229385,-58.4400657300284,292.274973762868,57267.4345898672,1392.0271782061682,2688.32343191914,140.04944444444442,36811.022581375,84727.8698445172,250.088616974964,0.251674074808432,1.0,211,14.5952777777778,2.22222222222222,151.1825,6.08611283143754,2.03741146154647,8.12352429298401
35,26-Aug-2020,01-Sep-2020,route2,0.629418184524413,0.920004770176868,0.263561204165678,0.613030711028867,22.6436284373744,24.0911615123943,-62.5094732264878,778.33451074695,58045.7691006142,1359.0545050917042,2972.897035045964,210.83828290370363,38170.07708646668,87700.76687956281,255.359574047556,0.252012993999554,3.0,214,36.9783333333333,6.76111111111111,124.260555555556,6.12431272456062,2.04857605077705,8.17288877533767
36,02-Sep-2020,08-Sep-2020,"route2,route1",0.621873002432106,0.920006597621808,0.264281361729652,0.54443317783325,22.5468319010929,21.4258116290606,-59.0707926953544,2067.66418500908,60113.4332856233,1069.755498810952,2176.734309722064,150.0584888888888,39239.83258527764,89877.50118928519,259.111036269778,0.252269437582891,7.0,221,100.683333333333,15.9444444444444,51.3722222222222,6.22132163145834,2.08095900650251,8.30228063796086
37,09-Sep-2020,15-Sep-2020,route1,0.630654082533686,0.920007072414226,0.284470175940454,0.605213251601094,22.5223706435207,20.8903393113386,-59.7971335080768,2113.43154471375,62226.864830337,1177.690834829264,2449.7200859255922,117.79227222222201,40417.5234201068,92327.2212752108,262.055843075334,0.251768204591063,7.0,228,95.3822222222223,15.5027777777778,57.115,6.34772023947025,2.11586239922029,8.46358263869054
38,16-Sep-2020,22-Sep-2020,route1,0.627329669861525,0.920004752995818,0.277641284250183,0.606960669626513,22.4382980914948,17.729752316198,-58.365165915724,2144.63000247093,64371.494832808,1299.918404891036,2579.1082075312406,123.93641666666679,41717.44182499801,94906.329482742,265.154253492001,0.251815916322546,7.0,235,99.7883333333333,15.4944444444444,52.7172222222222,6.46996193852651,2.1518757616837,8.62183770021021
39,23-Sep-2020,29-Sep-2020,"route1,route2",0.626005595373953,0.920006839243509,0.268395617714783,0.613487976959351,22.3787658736964,14.3157091316472,-58.6454094249178,2059.28894161455,66430.7837744225,1287.3860993374801,2508.8046403935923,125.12180639730641,43004.8279243356,97415.13412313559,268.282298651933,0.252125983654698,7.0,242,99.7169444444445,15.6527777777778,52.6302777777778,6.58800578646091,2.18385610470928,8.77186189117018
40,30-Sep-2020,06-Oct-2020,route2,0.634166111686853,0.920006764527297,0.286058366859815,0.516495579882535,22.4043754687872,17.9629644463216,-56.2656687675669,2010.37535506491,68441.1591294874,971.339827616348,2235.5655470227357,350.48113418841604,43976.1677519516,99650.6996701584,277.044327006644,0.251448694591199,7.0,249,106.609722222222,15.1305555555556,46.2597222222222,6.70825556927077,2.21811866536798,8.92637423463874
41,07-Oct-2020,13-Oct-2020,route2,0.626960270850218,0.920007157479494,0.279625620292106,0.60997464969503,22.3664356526711,11.1400733337721,-64.1440795766965,1618.85873283407,70060.0178623215,1374.407788908368,2947.052717684848,121.77542777777761,45350.57554086,102597.7523878432,280.088712701088,0.252042669049811,7.0,256,78.9638888888889,15.5277777777778,73.5083333333333,6.82483082401554,2.2574462382416,9.08227706225714
42,14-Oct-2020,20-Oct-2020,route2,0.625210175229497,0.920005466736905,0.269508459586697,0.605494310322653,22.4353731083806,16.1944747695518,-60.1220024990106,1849.08691060095,71909.1047729224,1358.78555847558,2963.364521722948,127.8255555555556,46709.361099335605,105561.11690956602,283.284351589977,0.251958555911,7.0,263,93.8138888888889,15.4833333333333,58.7027777777778,6.93342167932444,2.29167384464494,9.22509552396938
43,21-Oct-2020,27-Oct-2020,route2,0.639568974652268,0.920006525991683,0.304294985476033,0.578497321547199,22.362006305646,18.10730312112,-53.5156017437283,2106.16467016043,74015.2694430829,1425.6959987728842,2966.89619267432,134.4621111111112,48135.0570981088,108528.0131022404,286.645904367755,0.251020853526566,7.0,270,113.3925,14.7194444444444,39.8880555555556,7.0474725985598,2.32328333890721,9.37075593746701
44,28-Oct-2020,03-Nov-2020,route1,0.634979021298603,0.920007222430226,0.286518232137523,0.590390318077597,22.3464060818656,13.0097005622331,-61.4122886821541,1864.3944305573,75879.6638736402,1186.185730804412,2438.888739915596,121.50956691919201,49321.24282891321,110966.90184215602,289.683643540735,0.251418553564072,7.0,277,85.3855555555556,14.9666666666667,67.6477777777777,7.15974892599394,2.35995965941938,9.51970858541332
45,04-Nov-2020,10-Nov-2020,route1,0.6249462718791,0.920006862469617,0.256422973012611,0.61459617642841,22.3490517785418,12.405957774713,-60.8739230124717,1971.43370035625,77851.0975739964,1255.493298135608,3098.024262342005,342.80429604086123,50576.7361270488,114064.92610449801,298.253750941756,0.252165072429128,7.0,284,91.2547222222223,15.5083333333333,61.2369444444444,7.26491067853284,2.39738043770265,9.66229111623548
46,11-Nov-2020,17-Nov-2020,"route1,route2",0.636616761085714,0.920007194868913,0.272042918886578,0.605410799445022,22.2391479580496,4.91606070717839,-68.3071808384672,1477.78230463735,79328.8798786338,1332.73888668568,3145.2051548903723,541.397022222224,51909.4750137344,117210.1312593884,311.788676497312,0.251966583142217,7.0,291,67.4002777777778,15.275,85.3247222222222,7.36840842573888,2.43834615772187,9.80675458346074
47,18-Nov-2020,24-Nov-2020,route2,0.629213747495535,0.920007308409457,0.250961109055804,0.616651778738734,22.114145552156,-0.662325680643493,-69.9870908511332,1263.9221672612,80592.802045895,1376.5817874940801,3344.4327572648044,412.5609293515,53286.056801228406,120554.56401665321,322.102699731099,0.252435576944349,7.0,298,61.8869444444444,15.525,90.5880555555556,7.46511810979348,2.48495742626055,9.95007553605403
48,25-Nov-2020,01-Dec-2020,route2,0.627789059773192,0.920006819858248,0.266153731475347,0.615138120449582,22.1755856377395,4.10947191109075,-62.2256029927579,1617.26451059052,82210.0665564855,1028.264156444724,2601.0522932850963,577.360665686288,54314.320957673204,123155.6163099384,336.536716373256,0.25227603042132,7.0,305,83.0830555555556,15.4361111111111,69.4808333333333,7.56046405147216,2.53010488870083,10.090568940173
49,02-Dec-2020,08-Dec-2020,route2,0.622525990899819,0.920006099446581,0.232009210108237,0.629944658907914,22.0816159878876,-2.19801667583216,-69.4800275845809,1297.03510146843,83507.1016579539,1393.388243894708,3314.4031904389603,582.16449493218,55707.709201567995,126470.0195003772,351.090828746561,0.252902515918059,7.0,312,65.0013888888889,15.8,87.1986111111111,7.65470617578244,2.56940011905693,10.2241062948394
50,09-Dec-2020,15-Dec-2020,route2,0.618999858613338,0.920004854652036,0.227772541656513,0.642503342368708,22.1645435169568,-0.524317073138961,-71.5212728327735,1263.63354960016,84770.7352075541,1421.5356482143882,3652.955423361552,620.836120025348,57129.244849782,130122.9749237388,366.611731747195,0.253244438178618,7.0,319,61.3813888888889,16.0611111111111,90.5575,7.75057353344368,2.61519564034661,10.3657691737903
51,16-Dec-2020,22-Dec-2020,route1,0.620950922492196,0.920006751413057,0.196229346726881,0.646835512319146,21.9841658315177,-6.193559049036,-72.7688544301657,1271.06948412456,86041.8046916786,1264.0669600232281,4068.0152263004,1282.9960222222242,58393.3118098056,134190.9901500392,398.68663230275,0.253418143120064,7.0,326,56.8855555555556,16.0888888888889,95.0255555555555,7.84144602731197,2.65964554648176,10.5010915737937
52,23-Dec-2020,29-Dec-2020,route1,0.632311408411077,0.920006994963088,0.228543287810897,0.619884609556091,21.8912711436984,-8.24921186047388,-72.5218093269809,1164.56973822118,87206.3744298998,985.6896693999561,3257.11249232312,1102.0494897778601,59379.0014792052,137448.1026423624,426.237869547197,0.252621198836653,7.0,333,54.8647222222222,15.4388888888889,97.6963888888889,7.92798089013655,2.70745815373762,10.6354390438742
53,30-Dec-2020,05-Jan-2021,route1,0.62235273335948,0.920007297546435,0.225659738512793,0.640304550868589,22.0246029338328,-4.87007657363801,-72.6929776428061,1268.41793940757,88474.7923693074,1253.8904040985763,3023.4489792627,476.39459104168003,60632.89188330401,140471.55162162482,438.147734323239,0.253218426204579,7.0,340,57.1502777777778,15.8861111111111,94.9636111111111,8.01162871997361,2.75225436108304,10.7638830810566
54,06-Jan-2021,12-Jan-2021,route1,0.625399272879489,0.920007111040646,0.2547994241764,0.621427440953769,22.1075471384401,0.155789280154634,-68.2076967920211,1445.57694119236,89920.3693104997,1325.7947599368442,3005.559944099816,356.6569888163212,61958.6866432408,143477.1115657248,447.064159043647,0.252530114309929,7.0,347,65.8211111111111,15.4583333333333,86.7205555555556,8.09712634012936,2.79545756058982,10.8925839007192
55,13-Jan-2021,19-Jan-2021,"route1,route46,route2",0.636849046032349,0.920005313294551,0.266133331621682,0.608268503660701,22.1616113599829,1.95622168594724,-71.9531135434285,1497.59648524893,91417.9657957486,1012.9024429923401,2736.6270972396765,669.180267009708,62971.5890862332,146213.7386629644,463.793665718889,0.252112079684841,7.0,354,59.3069444444444,15.1361111111111,93.5569444444445,8.18322101648183,2.83798836845372,11.0212093849356
56,20-Jan-2021,26-Jan-2021,route2,0.635607933250229,0.920007247612923,0.285722625432582,0.601449170344036,22.0099155151714,-2.56933372032901,-67.9515656007235,1236.14733159757,92654.1131273462,1271.826095485256,3178.126030344044,531.8866982802481,64243.41518171841,149391.8646933084,477.090833175896,0.251927180243995,7.0,361,64.1761111111111,14.9277777777778,88.8961111111111,8.2596782180076,2.88128943045984,11.1409676484674
57,27-Jan-2021,02-Feb-2021,route2,0.629885521134792,0.920006019608938,0.261661338452712,0.621554708664558,22.1236828634044,0.650971937055216,-67.4392734362904,1362.62544722993,94016.7385745761,1347.1595696307286,4025.3574111750804,1007.24203348226,65590.57475134921,153417.2221044836,502.271884012952,0.252519303908132,7.0,368,68.7577777777778,15.3972222222222,83.845,8.3446654081215,2.9219314926323,11.2665969007538
58,03-Feb-2021,09-Feb-2021,route2,0.626877264360684,0.920006934663249,0.243200122809175,0.614077644858145,22.1893605277932,4.9967080510292,-63.0606910675413,1559.55766721807,95576.2962417942,1435.5545286845443,3046.954478545784,128.5309466666668,67026.12928003361,156464.1765830292,505.485157679619,0.252284171306283,7.0,375,81.5494444444444,15.2194444444444,71.2311111111111,8.43562127358988,2.96015679424156,11.3957780678314
59,10-Feb-2021,16-Feb-2021,route2,0.628986675372251,0.920006466667311,0.27441897854678,0.617844162573131,22.1938681460535,3.65348653732585,-66.7514889913658,1423.97857308529,97000.2748148795,1255.5311338214321,3107.854603015352,405.884993333344,68281.6604138552,159572.0311860448,515.632282512952,0.252363437962872,7.0,382,69.0888888888889,15.2861111111111,83.625,8.52401495474416,2.99538625300675,11.5194012077509
60,17-Feb-2021,23-Feb-2021,"route2,route1",0.63201847612017,0.920006997981286,0.224468409577024,0.609935947207369,22.0671175468799,0.334718417248548,-65.7124242652838,1465.4278998604,98465.7027147399,1161.1037490078081,2760.1981697622764,379.1921482138888,69442.7641628628,162332.2293558068,525.1120862183,0.252199352701134,7.0,389,70.2930555555556,15.0444444444444,82.6625,8.60935994951047,3.03364018233928,11.6430001318497
61,24-Feb-2021,02-Mar-2021,route1,0.620540345355308,0.920007101969559,0.254137045612697,0.633929113385109,22.2389750882538,5.32231457802156,-66.012239766866,1620.11896236159,100085.821677101,979.332350815512,2297.418172521516,356.42777808663726,70422.0965136784,164629.6475283284,534.022780670466,0.25278812152711,7.0,396,73.9241666666667,15.5611111111111,78.5147222222222,8.69540367523636,3.07128199544562,11.766685670682
62,03-Mar-2021,09-Mar-2021,route1,0.631235461741949,0.92000677334973,0.277553512704156,0.61615639913273,22.1112898784662,0.772668426971195,-67.4229006386497,1479.34890500695,101565.170582108,1215.383540303964,2964.7788604274924,480.50578428364406,71637.48005398239,167594.42638875602,546.035425277557,0.25233129756876,7.0,403,67.0175,15.1472222222222,85.8352777777778,8.78016880309735,3.10825220772967,11.888421010827
63,10-Mar-2021,16-Mar-2021,route1,0.627464321312928,0.920007286782199,0.282136370566312,0.613202844458187,22.2536224431063,7.57135807322987,-63.5033579488902,1726.20054704143,103291.37112915,1355.0385977968242,2881.286304659824,277.7179247544612,72992.5186517792,170475.71269341602,552.978373396418,0.252115500837176,7.0,410,79.7497222222222,15.0527777777778,73.1975,8.86529990682426,3.14407437951673,12.009374286341
64,17-Mar-2021,23-Mar-2021,"route1,route46,route2",0.642620056731929,0.920006241824191,0.299494572795438,0.587002488565163,22.230937475859,6.99789666541939,-67.4643919813364,1503.63325514465,104795.004384295,1030.058506858356,2231.709242351752,296.5745785398148,74022.5771586376,172707.4219357676,560.392737859913,0.251375119229121,7.0,417,66.2241666666666,14.4527777777778,87.3230555555556,8.95130931780322,3.183669050225,12.1349783680282
65,24-Mar-2021,30-Mar-2021,route2,0.621923945515687,0.920006846387592,0.247826419846794,0.629808520449882,22.1876314203022,2.96507576637252,-67.3951680204083,1394.55345824178,106189.557842536,1024.09720801796,2338.887262506036,386.68815473086283,75046.6743666556,175046.3091982736,570.059941728185,0.252777388222151,7.0,424,68.8027777777778,15.4333333333333,83.7638888888889,9.03258716038179,3.22124088833425,12.253828048716
66,31-Mar-2021,06-Apr-2021,route2,0.632496045531755,0.9200058691761,0.293756381778414,0.5905608713096,22.2671072923186,11.57233413437,-57.8193960017187,1749.65141695256,107939.209259489,1378.4962518709242,2635.9332259921757,129.3204888888888,76425.1706185264,177682.2424242656,573.292953950407,0.251425848133294,7.0,431,93.2225,14.5,60.2775,9.1170708787689,3.25291703548852,12.3699879142574
67,07-Apr-2021,13-Apr-2021,route2,0.64081397238024,0.920005449975399,0.294254318963459,0.583178397686268,22.4603169576274,21.426048033407,-57.2787363409922,1879.15788159559,109818.367141084,1064.1181613856002,2131.9886642735482,182.84390799768522,77489.288779912,179814.2310885392,577.864051650349,0.251124560831403,7.0,438,94.4222222222222,14.3583333333333,59.2194444444444,9.20883171936655,3.28399912026146,12.492830839628
68,14-Apr-2021,20-Apr-2021,route2,0.620498861927118,0.920007534514241,0.246275890487834,0.624548962247969,22.2935695121619,9.24197943013945,-62.1341677804383,1653.77371366066,111472.140854745,1370.2673798002281,3159.956761333492,313.0797694825904,78859.5561597124,182974.1878498728,585.691045887414,0.252525666852996,7.0,445,83.8316666666667,15.2361111111111,68.9322222222222,9.29896922289818,3.31264996130118,12.6116191841994
69,21-Apr-2021,27-Apr-2021,"route1,route2",0.633905825194706,0.920006915390037,0.27660344776196,0.595770673236297,22.4248333914729,17.7732952044728,-59.7499848407379,1792.52941944439,113264.670274189,1416.083596863904,2996.4975493478487,128.47694345238082,80275.639756576,185970.6853992208,588.902969473724,0.251519989397254,7.0,452,88.3372222222222,14.5777777777778,65.085,9.38615603203301,3.34418558151556,12.7303416135486
70,28-Apr-2021,04-May-2021,route2,0.633880900708864,0.920007414442191,0.254805359001928,0.60336537198775,22.5286390855563,21.1043759949172,-61.949054649576,1686.24889368568,114950.919167875,1342.933713118276,2970.587217542224,164.96100294979644,81618.57346969441,188941.2726167628,593.026994547469,0.251664923399569,7.0,459,81.9652777777778,14.7222222222222,71.3125,9.4746961889626,3.37541771411657,12.8501139030792
71,05-May-2021,11-May-2021,route2,0.632909397147707,0.920007477083349,0.307809816314318,0.516411038212743,22.3678309678257,19.1069757915624,-53.0342847655395,2104.22287770864,117055.142045584,1025.130090456296,2062.4728962756158,152.5007777777776,82643.70356015081,191003.74551303842,596.839513991913,0.251396122487211,7.0,466,114.535555555556,14.4583333333333,39.006111111111,9.56491479964225,3.40417918991329,12.9690939895555
72,12-May-2021,18-May-2021,route2,0.627685129475276,0.920006309233215,0.258735691042987,0.611251474576995,22.448178063844,17.550514710245,-60.410729267779,1781.58110989193,118836.723155476,1404.445075567656,2989.1147274486643,135.9542244444444,84048.14863571842,193992.8602404872,600.238369603024,0.252027026490263,7.0,473,89.9191666666667,14.8916666666667,63.1891666666667,9.65669171681333,3.42701872962415,13.0837104464375
73,19-May-2021,25-May-2021,"route2,route1",0.634116463543271,0.920006976405282,0.272116159795686,0.599408454700833,22.3722659612749,16.8963116255119,-56.886783897495,1977.42448832955,120814.147643805,1382.355171848004,3013.753922802752,131.55011111111122,85430.5038075664,197006.61416329,603.527122380802,0.251680805342751,7.0,480,97.7513888888889,14.5777777777778,55.6708333333333,9.74414160263775,3.45240681489293,13.1965484175307
74,26-May-2021,01-Jun-2021,route1,0.624993667014132,0.920006328522903,0.276849550172643,0.624191179866356,22.4855686421775,17.2237432781496,-64.4067662615303,1795.92691231191,122610.074556117,1374.363829124092,3024.3039510360763,129.1649565972224,86804.86763669041,200030.91811432602,606.756246295732,0.252337115852469,7.0,487,76.3486111111111,15.1138888888889,76.5375,9.83402615944472,3.48376752015123,13.317793679596
75,02-Jun-2021,08-Jun-2021,"route1,route2",0.628138596866792,0.92000748956802,0.265529661726711,0.610418801534759,22.393098124416,18.1475489933868,-56.1445564472447,2126.2511602492,124736.325716366,1331.285601782212,2925.6455454922043,119.3980688888888,88136.1532384728,202956.56365981838,609.741198017955,0.251897018896647,7.0,494,101.928333333333,14.7388888888889,51.3327777777778,9.92231474737468,3.51493509572628,13.437249843101
76,09-Jun-2021,15-Jun-2021,route2,0.634673674755278,0.92000752375215,0.297970845497382,0.524102890339311,22.5668379317939,25.567673335179,-58.2208657667191,1847.22461662137,126583.550332988,1010.859694553436,2005.2458006945244,147.7222222222224,89147.01293302601,204961.80946051283,613.43425357351,0.251561058560859,7.0,501,94.1075,14.6027777777778,59.2897222222222,10.0094837387096,3.54048269220726,13.5499664309169
77,16-Jun-2021,22-Jun-2021,route2,0.63655632310494,0.920005125875032,0.293972109989515,0.598901620372722,22.5363691493469,24.5169299816347,-58.0167139090341,1846.49599426402,128430.046327252,1476.1047870519722,3126.8404810454085,135.8578931623932,90623.11772007801,208088.64994155802,616.83070090257,0.251499644194515,7.0,508,92.9397222222222,14.5,60.5602777777778,10.0966990353563,3.56866879801683,13.6653678333731
78,23-Jun-2021,29-Jun-2021,route2,0.633120717409362,0.920005755221586,0.299655679301131,0.600260651519321,22.489172558772,24.1855932768457,-54.8953379668587,2007.4770987626,130437.523426014,1028.5450772691281,2088.0528330764764,209.82852592427963,91651.6627973472,210176.70277463482,622.076414050677,0.251553757693227,7.0,515,105.861944444445,14.5277777777778,47.6102777777777,10.1828207526109,3.59376760656457,13.7765883591755
79,30-Jun-2021,06-Jul-2021,route2,0.635265363300708,0.920006921161323,0.299015278267827,0.595387878309359,22.4487305304358,22.004327385612,-55.3686611481085,1974.81825959685,132412.341685611,1294.902812535628,2534.5651648274843,127.702278946502,92946.5656098828,212711.267939462,625.26897102434,0.251331074746318,7.0,522,103.226388888889,14.3138888888889,50.4597222222222,10.2681258192589,3.61454981194657,13.8826756312055
80,07-Jul-2021,13-Jul-2021,route2,0.636240773556443,0.920006700660447,0.308151221117838,0.518487502422618,22.4869526110685,24.5464606332032,-54.8750179133215,2005.51115637293,134417.852841984,1062.0189939693041,2072.371389439096,157.03173333333322,94008.58460385201,214783.6393289012,629.194764357673,0.25128069489965,7.0,529,105.698611111111,14.2888888888889,48.0125,10.355942093683,3.63967370668616,13.9956158003691
81,14-Jul-2021,20-Jul-2021,route2,0.632198533909069,0.92000759657206,0.287125977891743,0.607528149736471,22.5987317078092,25.7007481444652,-60.4761402538656,1751.24931393379,136169.102155918,1393.671849770312,2751.61417287818,233.927851824546,95402.25645362241,217535.25350177917,635.042960653287,0.251722375079444,7.0,536,86.9008333333334,14.6416666666667,66.4575,10.4404959313685,3.66415097159919,14.1046469029676
82,21-Jul-2021,27-Jul-2021,route2,0.630225748288424,0.920006738553075,0.269726482246387,0.606218173064107,22.5470733986542,25.9261784788678,-56.0279005376037,1976.58735845071,138145.689514369,1357.504272557712,2953.5313362014763,150.3578444444512,96759.76072618,220488.7848379808,638.801906764398,0.25181201816135,7.0,543,102.826666666667,14.6722222222222,50.5011111111111,10.5261538337227,3.69202845648211,14.2181822902048
83,28-Jul-2021,03-Aug-2021,route2,0.637339102221084,0.92000758807232,0.298741622298031,0.593584314401323,22.5324361590216,25.6911469368078,-56.4998323679384,1909.14305815835,140054.832572527,1382.224256263652,2911.162253995836,155.4905170795904,98141.984982444,223399.9470919768,642.689169691388,0.25128796008126,7.0,550,96.27,14.2583333333333,57.4716666666666,10.6110853075799,3.71587285548013,14.3269581630601
84,04-Aug-2021,10-Aug-2021,route2,0.640413295669674,0.920007032340364,0.291626263337667,0.59011777551953,22.5545386130912,28.1665754476495,-55.4554050050307,1943.71773595543,141998.550308482,1400.6235474875841,2725.28223626812,231.11235731162802,99542.60852993163,226125.2293282448,648.466978624178,0.251141558865421,7.0,557,99.8016666666667,14.1638888888889,54.0344444444444,10.6962683872575,3.74309248009039,14.4393608673479
85,11-Aug-2021,17-Aug-2021,route2,0.642593007384511,0.920007625542344,0.285717362812326,0.587914270983391,22.5634918689044,25.5656163472461,-59.3262283538216,1779.41153525592,143777.961843738,1346.5016493720482,2610.5236708609,154.668780128398,100889.11017930362,228735.7529991056,652.333698127388,0.251147385918528,7.0,564,85.8469444444444,14.1222222222222,68.0308333333333,10.7787994941666,3.77042705094354,14.5492265451102
86,18-Aug-2021,24-Aug-2021,route2,0.636395419045519,0.920007508692261,0.319494066233859,0.512706320165218,22.3543935107242,20.913227389299,-50.324738719004,2200.42889671627,145978.390740455,958.4700400026841,1947.480758592564,135.81257222222243,101847.58021930601,230683.2337576984,655.729012432944,0.25117773395014,7.0,571,120.223611111111,14.025,33.7513888888888,10.8613381209847,3.79362699950887,14.6549651204936
87,25-Aug-2021,31-Aug-2021,route2,0.635848862609333,0.920006697319532,0.297820082318636,0.601835418675125,22.531083963993,23.930357743341,-58.4273506998754,1816.42843381519,147794.81917427,1433.4364438752762,3021.248908801176,133.08323258003762,103281.0166631816,233704.4826664996,659.056093247445,0.251567052851149,7.0,578,91.0716666666667,14.3833333333333,62.545,10.9439756049953,3.81504482171389,14.7590204267092
88,01-Sep-2021,07-Sep-2021,route2,0.631980076208383,0.920007439983254,0.280960017359461,0.602550348005619,22.4684109987082,22.4313048016425,-55.9163289224742,1943.44989756547,149738.269071835,1363.7332412178482,2705.8798281379322,239.23830091358002,104644.74990439921,236410.36249463723,665.037050770284,0.251599144407912,7.0,585,99.5375,14.3611111111111,54.1013888888888,11.0232409422724,3.83842240995137,14.8616633522238
89,08-Sep-2021,14-Sep-2021,"route2,route1",0.63074736610171,0.920005678021274,0.281225321295421,0.603772097149325,22.4340189999858,21.0029154431838,-55.625891066491,2024.67882902392,151762.947900859,1255.4729303671202,2541.522696992224,125.6977978723404,105900.2228347664,238951.8851916296,668.179495717093,0.251670685977329,7.0,592,101.509722222222,14.3666666666667,52.123611111111,11.1078865917041,3.86533674437379,14.9732233360779
90,15-Sep-2021,21-Sep-2021,route1,0.629211494724643,0.920006739512526,0.28677320894428,0.607299439028648,22.4082750901233,18.8032548097251,-57.2811023000151,2040.57610578931,153803.524006649,1014.1478313935121,2072.712965351864,146.726875,106914.37066616,241024.5981569816,671.847667592093,0.251784966078056,7.0,599,94.3997222222222,14.4083333333333,59.1919444444444,11.1879165089222,3.88906890170665,15.0769854106289
91,22-Sep-2021,28-Sep-2021,route1,0.621435274384057,0.920006499708048,0.261595217140934,0.625939832960176,22.3800480677959,14.4578308133841,-60.9954387069084,1866.56336162073,155670.087368269,1260.4246385025363,2634.3498051649963,128.67740918803403,108174.79530466242,243658.9479621464,675.064602821794,0.252443216320591,7.0,606,86.2261111111111,14.825,66.9488888888889,11.2681809353335,3.91694223907488,15.1851231744083
92,29-Sep-2021,05-Oct-2021,"route1,route2",0.635013845036537,0.920007526488569,0.290174816146981,0.597773777946528,22.4585726101894,19.4850672709387,-61.1233925240004,1705.65658319357,157375.743951463,1486.452813976936,3082.097057184052,137.159648148148,109661.24811863921,246741.04501933043,678.493594025497,0.251503683449765,7.0,613,80.4122222222222,14.1861111111111,73.4016666666667,11.3443084124998,3.9472265224043,15.2915349349041
93,06-Oct-2021,12-Oct-2021,route2,0.624888847131717,0.920007471861521,0.25406325210405,0.610742629859097,22.3416531757211,14.6034272003118,-58.119726122012,1781.85509128198,159157.599042745,1359.3280909282082,2603.952476926836,132.838777777778,111020.5762095676,249344.99749625722,681.814563469942,0.252012104361711,7.0,620,91.805,14.4638888888889,61.7311111111111,11.4208077200876,3.97481019004643,15.3956179101341
94,13-Oct-2021,19-Oct-2021,route2,0.631643191949813,0.920004275245589,0.271123131540313,0.614663200081263,22.3206682019971,12.7794669355337,-60.7777460595874,1651.08874789722,160808.687790642,1355.6820324795563,2873.2471753217,122.72016198455161,112376.25824204722,252218.24467157922,684.882567519556,0.251916479618881,7.0,627,84.2658333333334,14.3527777777778,69.3813888888888,11.4950789887567,3.99849455733259,15.4935735460893
95,20-Oct-2021,26-Oct-2021,route2,0.627857799247492,0.920005220348265,0.272961574870374,0.612068090181703,22.3641618623166,15.5423520847464,-58.9078078873316,1748.30897413506,162556.996764777,1018.3833917318761,2413.39978653624,445.03719111108404,113394.64163377919,254631.64445811522,696.008497297333,0.252032252455839,7.0,634,89.425,14.4638888888889,64.1111111111111,11.5707593006738,4.02770404207469,15.5984633427485
96,27-Oct-2021,02-Nov-2021,"route2,route1",0.626035223407608,0.92000671780796,0.257878479126455,0.614965090126322,22.331879208737,12.3187889775974,-61.7347931007185,1661.05464119517,164218.051405972,1367.2383585199123,3018.311417350005,128.72149900793642,114761.87999229881,257649.95587546518,699.226534772531,0.252165786172399,7.0,641,80.6830555555556,14.4833333333333,72.8336111111111,11.646827622938,4.05613819396698,15.702965816905
97,03-Nov-2021,09-Nov-2021,route1,0.627862916543924,0.920004341659268,0.271108057476955,0.605695226439536,22.2550044838113,10.4464650294924,-60.5838052412776,1760.66412208579,165978.715528058,1322.3303409584,2884.960444213988,314.30308161851883,116084.2103332572,260534.91631967924,707.084111812994,0.251883552047126,7.0,648,83.4475,14.25,70.3025,11.7190828006416,4.08268205627896,15.8017648569205
98,10-Nov-2021,16-Nov-2021,"route1,route2",0.633456334630861,0.920007069213479,0.281718426465771,0.603309485923654,22.2981856811717,11.7676059850971,-62.6174684686086,1626.19433887667,167604.909866935,1096.482130418568,2256.640484292196,192.17726815679043,117180.69246367601,262791.55680397165,711.888543516914,0.251759765322181,7.0,655,75.4447222222222,14.1777777777778,78.3775,11.7912243298011,4.11421960157501,15.9054439313761
99,17-Nov-2021,23-Nov-2021,route2,0.637497735434648,0.920007392276293,0.265077587829806,0.591782741440384,22.2491406103575,9.7652394947366,-62.8194409674205,1459.21381967275,169064.123686608,1383.300484078628,2930.322796428172,123.9,118563.9929477544,265721.8796003996,714.986043516914,0.251542630630544,7.0,662,75.1752777777778,13.9555555555556,78.8691666666667,11.8587975592297,4.1431606901042,16.0019582493339
100,24-Nov-2021,30-Nov-2021,route2,0.63040638127523,0.920007569393441,0.254133261721611,0.606685910541572,22.2571160675656,11.6774634184578,-57.2884632527191,1784.28778163534,170848.411468243,1347.5595734995402,2957.7714365960046,334.2010252019392,119911.55252125401,268679.65103699564,723.341069146962,0.251955055179702,7.0,669,94.2888888888889,14.2444444444444,59.4666666666666,11.9305783937185,4.17146513420015,16.1020435279187
101,01-Dec-2021,07-Dec-2021,route2,0.631286949148959,0.92000647267859,0.269363722511145,0.610609831280533,22.3060014417277,11.1210933498541,-62.6891447963079,1554.1160286643,172402.527496907,1046.587419021276,2359.4123654422683,372.9997976968432,120958.13994027521,271039.063402438,732.666064089383,0.252054891650268,7.0,676,76.8427777777778,14.3138888888889,76.8433333333333,12.0049598258247,4.19914557651606,16.2041054023407
102,08-Dec-2021,14-Dec-2021,route2,0.636814741764948,0.92000765894904,0.277238627442072,0.594098773656591,22.1825075185965,7.93059514428665,-59.8337827479937,1590.85444240686,173993.381939314,1355.449867952076,2862.5054007153044,128.1896275720164,122313.58980822761,273901.5688031532,735.870804778684,0.251615800929876,7.0,683,81.9033333333333,13.9416666666667,72.155,12.0744474331579,4.22767884513965,16.3021262782975
103,15-Dec-2021,21-Dec-2021,"route2,route1",0.632436336297381,0.92000753921587,0.25549665203517,0.614828145808338,22.1884890862523,5.4598895308643,-66.4565520006273,1462.47425454006,175455.856193854,1371.038321990416,3511.2134313126244,488.09695470833196,123684.62813021801,277412.782234466,748.073228646392,0.252281328604852,7.0,690,65.6975,14.375,87.9275,12.1415492478747,4.2559815597752,16.3975308076499
104,22-Dec-2021,28-Dec-2021,route1,0.622612273535648,0.920005135361158,0.199692844054243,0.637377584689396,22.0291478091039,-1.12759040289555,-66.3481060707027,1412.64837676611,176868.50457062,992.5183310119561,2775.071315712832,734.360982661248,124677.14646123,280187.8535501788,766.432253212923,0.253056042939914,7.0,697,67.9433333333333,14.8194444444444,85.2372222222222,12.204823195833,4.28688845843118,16.4917116542642
105,29-Dec-2021,04-Jan-2022,"route1,route2",0.636759644676295,0.920007889960907,0.266407276248687,0.612535406680201,21.8870646136375,-5.83315131675438,-71.294568896854,1019.83490255637,177888.339473177,1368.771260510732,3834.490504935968,899.754938678088,126045.91772174042,284022.34405511484,788.926126679876,0.252293572146853,7.0,704,51.1716666666666,14.2611111111111,102.567222222222,12.2650553390001,4.31945125797797,16.584506596978
106,05-Jan-2022,11-Jan-2022,route2,0.623208952640351,0.920006613944428,0.240157749593539,0.631456464983505,22.0996712496646,1.48267378249315,-65.4868955600417,1362.84981833727,179251.189291514,1263.452704621628,3108.69449794426,369.022624444438,127309.37042636202,287131.0385530588,798.151692290986,0.252847831389452,7.0,711,68.7791666666667,14.6722222222222,84.5486111111111,12.3260216114921,4.35365086202412,16.6796724735162
107,12-Jan-2022,18-Jan-2022,route2,0.620801579667617,0.920007556361903,0.25503039594437,0.627106096915063,22.0960730578269,2.25354196878953,-61.7649627567696,1495.12914448887,180746.318436003,978.1724268642361,2442.0577395881405,500.242821437516,128287.5428532264,289573.09629264724,810.657762826924,0.252672022065255,7.0,718,80.7627777777778,14.5916666666667,72.6455555555556,12.3902667852303,4.3802628960083,16.7705296812386
108,19-Jan-2022,25-Jan-2022,route2,0.627839840222667,0.920007004653224,0.246717291536239,0.619393103491806,22.1206641854991,3.09726791776363,-64.7868827607149,1363.28777216379,182109.606208166,1023.9775761851441,2430.132330872584,429.04556494784003,129311.52042941161,292003.2286235196,821.38390195062,0.252386725467226,7.0,725,69.1872222222222,14.3694444444444,84.4433333333334,12.4553322790018,4.40972454665171,16.8650568256535
109,26-Jan-2022,01-Feb-2022,"route2,route1",0.632900240312113,0.920006725582423,0.276365313017496,0.606428293362606,22.2381489026566,9.69942527156954,-60.7902754210223,1670.66844354693,183780.274651713,1070.490005020908,2757.2126618639404,618.344672384688,130382.0104344324,294760.4412853836,836.842518760238,0.251911523919256,7.0,732,81.5730555555555,14.0805555555556,72.3463888888889,12.521122650165,4.43887280028099,16.959995450446
110,02-Feb-2022,08-Feb-2022,route1,0.627147484526462,0.920006609724162,0.230938195267566,0.615449391583765,22.0560571168923,1.42164682526265,-64.3777090457016,1446.04796855989,185226.322620273,961.088998909724,2214.519627761396,277.2221984581788,131343.0994333424,296974.9609131448,843.773073721692,0.252306437717082,7.0,739,68.4794444444444,14.2555555555556,85.265,12.5830070119592,4.46540411904982,17.0484111310091
111,09-Feb-2022,15-Feb-2022,route1,0.632332134626881,0.920005016523848,0.23509331462746,0.610385637383799,22.1316603596333,4.62145647827161,-64.0003585422965,1512.59881530951,186738.921435583,936.658992987948,2203.5557589949126,319.07156765083005,132279.75842633002,299178.51667214,851.749862912963,0.25213134366204,7.0,746,69.7283333333333,14.1194444444444,84.1522222222222,12.6438780686636,4.49624927467366,17.1401273433373
112,16-Feb-2022,22-Feb-2022,"route1,route2",0.615848542230497,0.920007875163229,0.247181220704135,0.64506748678877,22.1794998766159,4.21450282973658,-64.901297438139,1550.19937589678,188289.12081148,1064.093230173128,2807.1383428307927,702.494855555556,133343.8516565032,301985.6550149708,869.312234301852,0.253109027837515,7.0,753,72.8797222222222,14.8416666666667,80.2786111111111,12.7077720995088,4.52544160988426,17.233213709393
113,23-Feb-2022,01-Mar-2022,route2,0.625970699142771,0.920007641625764,0.254724521549281,0.62234565525836,22.1090760217511,2.45514757220653,-65.5253280972396,1300.72385024688,189589.844661726,1033.8735277799121,2417.015155813308,397.70062015864204,134377.72518428322,304402.670170784,879.254749805818,0.252521613351073,7.0,760,67.8836111111111,14.3916666666667,85.7247222222223,12.7731273684138,4.55561801224833,17.3287453806621
114,02-Mar-2022,08-Mar-2022,route2,0.627199867630332,0.92000790388259,0.238271824876449,0.622356348054836,22.1968706916041,6.05539821417192,-65.7894858355703,1360.93185576294,190950.776517489,1420.596134499064,2954.686145933724,126.6446,135798.3213187824,307357.3563167176,882.420864805818,0.25250692163435,7.0,767,67.7236111111111,14.3638888888889,85.9125,12.8339189487078,4.58298220970533,17.4169011584131
115,09-Mar-2022,15-Mar-2022,route2,0.625436980043835,0.920007898450293,0.252224104379654,0.622967101669835,22.2547262774364,8.98058071606165,-63.7714273178397,1492.33703233195,192443.113549821,1372.8148432129801,3003.6607776613,134.2693333333332,137171.1361619952,310361.01709437923,885.777598139151,0.252476035146627,7.0,774,73.7475,14.3666666666667,79.8858333333334,12.9013022091575,4.61444014443647,17.515742353594
116,16-Mar-2022,22-Mar-2022,route2,0.620704257819736,0.920007447097829,0.230966048451102,0.639469830774394,22.1908578284591,4.55704104756342,-66.8171550286747,1359.94353753412,193803.057087355,1282.5502954283163,3336.666849393704,695.7105444645081,138453.68645742358,313697.6839437728,903.170361750764,0.253037342886608,7.0,781,66.2719444444444,14.6888888888889,87.0391666666667,12.9664917251374,4.64278127213435,17.6092729972718
117,23-Mar-2022,29-Mar-2022,route1,0.626251079907857,0.920007763398549,0.258184716270597,0.618816078181,22.153071169641,5.38608998833096,-63.0330577246044,1585.70416929196,195388.761256647,922.9765416181601,2028.029090258904,161.90010098189845,139376.6629990416,315725.7130340317,907.217864275311,0.252366366666455,7.0,788,74.5086111111111,14.2305555555556,79.2608333333333,13.0315284524908,4.67319950275158,17.7047279552424
118,30-Mar-2022,05-Apr-2022,route1,0.63371917732871,0.920007474940526,0.263790229104422,0.605039278227013,22.2139519337449,8.68027165210475,-62.4799574786589,1584.79525865916,196973.556515307,923.7020492316681,2369.34909125854,420.74735767293606,140300.3650482732,318095.06212529005,917.736548217135,0.251890659886497,7.0,795,73.9377777777778,13.9166666666667,80.1455555555556,13.0936739040177,4.69971271495882,17.7933866189766
119,06-Apr-2022,12-Apr-2022,route1,0.62043471639156,0.920008017345728,0.251319757821003,0.628094759142791,22.3667369856076,14.6001027804773,-62.1119059524087,1726.24141266523,198699.797927972,1398.573735042152,3019.370451533356,135.80037134502922,141698.93878331562,321114.43257682363,921.13155750076,0.252479938509042,7.0,802,79.67,14.3888888888889,73.9411111111111,13.1566811176427,4.72631532457222,17.8829964422149
120,13-Apr-2022,19-Apr-2022,route2,0.618667658981197,0.920007430884948,0.263373829731726,0.633989154622172,22.5140591022169,22.3841481505062,-58.763260686445,1815.58600454947,200515.383932521,1031.869165709292,2033.5116889706483,150.3104345679012,142730.8079490248,323147.944265794,924.889318364958,0.252534223698454,7.0,809,91.4113888888889,14.5222222222222,62.0663888888889,13.2271639528125,4.75274182430456,17.979905777117
121,20-Apr-2022,26-Apr-2022,route2,0.636768288551939,0.920007738149438,0.286656173302154,0.592101646945259,22.2518490056022,11.2834382306782,-59.5243765825428,1555.67016159435,202071.054094116,1364.8250888623,2721.856460404668,140.00746517908482,144095.63303788722,325869.8007261989,928.389504994435,0.251514121570814,7.0,816,81.5516666666667,13.6277777777778,72.8205555555556,13.2950023633744,4.77761660677861,18.072618970153
122,27-Apr-2022,03-May-2022,route2,0.626021339117926,0.920007426567137,0.267117200022047,0.613931566944426,22.2882447690124,12.7535349547284,-58.5177556227521,1717.49924912035,203788.553343236,1077.3979691320121,2195.6441380650003,211.9372806157408,145173.0310070192,328065.444864264,933.687937009828,0.252150673385283,7.0,823,89.1705555555556,14.075,64.7544444444444,13.3608807312213,4.80272728236968,18.163608013591
123,04-May-2022,10-May-2022,route2,0.628120914231227,0.920005597515704,0.252605031522914,0.613807859686819,22.4114736157928,16.990721038153,-61.1349726130489,1621.34516473777,205409.898507974,1354.2928450801521,2736.771891843084,129.56,146527.32385209922,330802.2167561068,936.926937009828,0.25206127678017,7.0,830,79.2363888888889,14.0416666666667,74.7219444444444,13.4270707863397,4.82593327019831,18.253004056538
124,11-May-2022,17-May-2022,"route2,route1",0.633469265314339,0.920007835819221,0.281260897475877,0.607968607483012,22.3555244906075,15.7628282569307,-60.2018830544414,1747.2024359041,207157.100943878,1303.147045060584,3015.3851135457685,211.7001394148148,147830.47089716,333817.6018696528,942.219440495199,0.25179570454758,7.0,837,82.2713888888889,13.8277777777778,71.9008333333333,13.4938159567942,4.85188420089803,18.3457001576923
125,18-May-2022,24-May-2022,route1,0.62286991968974,0.920008045686913,0.258477962939496,0.627627810356527,22.3206109719868,12.4384155543851,-62.5505995521906,1685.55135894047,208842.652302818,1396.654274001504,2687.1380664952644,131.52380000000002,149227.12517116123,336504.73993614805,945.507535495199,0.252465550965377,7.0,844,75.4625,14.2583333333333,78.2791666666667,13.5606011264491,4.87984904616385,18.4404501726129
126,25-May-2022,31-May-2022,"route1,route2",0.632171090231025,0.920006710274587,0.26041149608546,0.610484654441743,22.5058252803074,21.2816935328057,-61.8390774298104,1696.20247475701,210538.854777575,1336.66406188172,2675.4517476128362,216.4453847525016,150563.7892330432,339180.19168376084,950.918670114011,0.251910407836793,7.0,851,76.5786111111111,13.9388888888889,77.4825,13.6259468375228,4.90829838544276,18.5342452229656
127,01-Jun-2022,07-Jun-2022,route2,0.626714466404932,0.920006966128212,0.250997740885426,0.625287963811155,22.3861449970983,21.0751595609351,-52.5448927712205,2042.37286365945,212581.227641235,1423.182752753588,3056.518605696257,133.986,151986.9719857968,342236.71028945723,954.268320114011,0.251981018519063,7.0,858,110.679166666667,13.9472222222222,43.373611111111,13.6939591832984,4.93020689512127,18.6241660784197
128,08-Jun-2022,14-Jun-2022,route2,0.626793672605711,0.920006748446397,0.265239972733733,0.622033099748304,22.5253303396944,24.7591010888604,-57.1445374627091,1848.47463229555,214429.70227353,1023.85021740866,2049.871410318904,146.31677777777762,153010.8222032052,344286.581699776,957.926239558456,0.252139111866981,7.0,865,93.9583333333334,14.1361111111111,59.9055555555555,13.7646815958581,4.95046321639603,18.7151448122541
129,15-Jun-2022,21-Jun-2022,route2,0.618108296916366,0.920007936539067,0.247091324404233,0.641973287845394,22.603529486223,24.4102336360323,-62.0909469317832,1686.06344699307,216115.765720523,1435.42892561132,3157.25824591904,275.63979486986244,154446.2511288168,347443.83994569484,964.817234430202,0.252727210642841,7.0,872,79.9755555555555,14.5555555555556,73.4688888888889,13.834404938434,4.97353446268927,18.8079394011232
130,22-Jun-2022,28-Jun-2022,"route2,route1",0.626198280290956,0.920008078425784,0.261534254646477,0.62669107429465,22.5817923102217,26.895723517032,-58.6853559344624,1805.52820079915,217921.293921322,1302.143000333604,2594.094846535972,174.618810269136,155748.3941291504,350037.93479223084,969.182704686931,0.252258266451212,7.0,879,89.1925,14.2027777777778,64.6047222222222,13.902731326491,4.99899022984654,18.9017215563376
131,29-Jun-2022,05-Jul-2022,route1,0.63156711743064,0.920007606436933,0.246198508321803,0.614645536109215,22.5521809659476,28.4692662615506,-55.5701116001563,2043.09612346234,219964.390044785,1087.2463500472002,2189.194302613776,171.45749784497366,156835.64047919758,352227.1290948448,973.469142133055,0.251853104660576,7.0,886,97.6480555555556,13.9111111111111,56.4408333333333,13.9698065387912,5.02214775431368,18.9919542931049
132,06-Jul-2022,12-Jul-2022,"route1,route2",0.620541696221405,0.920007413670604,0.257276238417611,0.630082657259162,22.5036636402007,24.705743915217,-55.8181427500314,2011.30624077051,221975.696285555,1412.7538059171084,2703.0754836197007,168.80818636848562,158248.3942851144,354930.2045784644,977.689346792267,0.252374112973764,7.0,893,100.7275,14.2472222222222,53.0252777777778,14.0378379195972,5.04378370340606,19.0816216230033
133,13-Jul-2022,19-Jul-2022,route2,0.632060215620257,0.920007657092526,0.253156797524861,0.610063332545311,22.5269886239308,26.1688476327127,-56.188019019028,1849.28280140553,223824.979086961,1045.9419424908199,2086.7357684208323,145.0094444444444,159294.3362276052,357016.9403468851,981.314582903378,0.251843662673414,7.0,900,95.0111111111111,13.8333333333333,59.1555555555555,14.1053372171643,5.06309996807928,19.1684371852435
134,20-Jul-2022,26-Jul-2022,route2,0.632573195373699,0.920007454832029,0.260908021335481,0.607991667399585,22.5270037841731,26.5297549186827,-56.5080219095558,1819.38974796158,225644.368834922,1455.1714024615444,3130.792169179448,239.10115302266843,160749.50763006683,360147.7325160648,987.292111728945,0.251758030790446,7.0,907,95.1425,13.7638888888889,59.0936111111111,14.1700020067025,5.08442737422734,19.2544293809298
135,27-Jul-2022,02-Aug-2022,route2,0.616551950573354,0.920007180732665,0.249027180585471,0.650046072596844,22.6789478005166,29.1984409305974,-60.7756538579189,1720.26305137544,227364.631886298,1105.603342919612,2274.4128670531004,290.476697496296,161855.1109729864,362422.14538311795,994.554029166353,0.252896782359878,7.0,914,85.2808333333333,14.6361111111111,68.0830555555555,14.239677579249,5.1106392443057,19.3503168235546
136,03-Aug-2022,09-Aug-2022,"route2,route1",0.619782287304873,0.920006510653255,0.253457567722333,0.639502818719472,22.5906578742254,25.6609966085896,-60.1184475284901,1825.68709584911,229190.318982147,1295.602970335884,2579.113806418924,173.12966952674282,163150.71394332242,365001.2591895368,998.882270904521,0.252620502750981,7.0,921,85.975,14.3888888888889,67.6361111111111,14.3076457167056,5.13413164835898,19.4417773650646
137,10-Aug-2022,16-Aug-2022,"route1,route2",0.631845689227132,0.92000777920998,0.268518049065544,0.611917538438615,22.5451002174656,27.2213048418805,-56.8135760733028,1979.76704959473,231170.086031742,1073.709637814364,2189.09542604752,231.51145965453122,164224.42358113683,367190.3546155844,1004.67005739588,0.251803690688268,7.0,928,92.4638888888889,13.7833333333333,61.7527777777778,14.3756304569521,5.15806965847845,19.5337001154305
138,17-Aug-2022,23-Aug-2022,route2,0.629155824022,0.920007607696949,0.241827064157386,0.613472099065275,22.4805681968166,25.0731224909178,-54.5424005981543,1914.7401922796,233084.826224021,1127.390275590512,2216.35387299902,176.5835081629636,165351.8138567272,369406.7084885832,1009.08464509996,0.251964102018529,7.0,935,100.015,13.8194444444444,54.1655555555555,14.440380567177,5.17829350988042,19.6186740770574
139,24-Aug-2022,30-Aug-2022,route2,0.627805641474055,0.920007789058936,0.255302581450796,0.617892264886046,22.4819653229358,24.0650491426045,-55.6417343346308,1880.93590274466,234965.762126766,1063.1699106404,2117.1445412126,153.2471302132436,166414.9837673676,371523.85302979604,1012.91582335529,0.252100982490473,7.0,942,97.4091666666667,13.8972222222222,56.6936111111111,14.5062874797311,5.198782041972,19.7050695217031
140,31-Aug-2022,06-Sep-2022,route2,0.622496355536969,0.920006485826373,0.247983382866699,0.63536945302601,22.616170322182,26.3661363668888,-61.2223296667522,1655.7543223198,236621.516449086,1147.82166647414,2246.98672749808,196.1021507481484,167562.805433842,373770.83975729404,1017.81837712399,0.252511525670766,7.0,949,81.1919444444444,14.2194444444444,72.5886111111111,14.5733192706532,5.22227204013894,19.7955913107921
141,07-Sep-2022,13-Sep-2022,route2,0.643847787355667,0.92000653820132,0.264007906553484,0.586217685996889,22.5082338726406,25.7771445245302,-57.099939823515,1686.19965745012,238307.716106536,1369.211133489764,2701.564430310428,220.130251674074,168932.01656733162,376472.40418760444,1023.32163341584,0.25107768676218,7.0,956,86.1225,13.2,68.6775,14.6351683972071,5.24694073016064,19.8821091273677
142,14-Sep-2022,20-Sep-2022,"route2,route1",0.62787225467109,0.920004479538064,0.247468951820212,0.618721307807069,22.494312756723,23.8504970956724,-57.9193387880218,1891.48170754274,240199.197814079,1354.6587642084403,2956.0969274756003,210.5714044641976,170286.67533153997,379428.50111508,1028.58591852745,0.252120055862719,7.0,963,89.9125,13.8472222222222,64.2402777777778,14.6980756154414,5.27067551760418,19.9687511330456
143,21-Sep-2022,27-Sep-2022,route2,0.628020508523939,0.920007669571683,0.249403800391106,0.61377810178708,22.423423442909,18.6473469116089,-60.4501408956381,1165.00731671034,241364.205130789,1262.123052009492,2711.364654593092,122.55807892720321,171548.79838354958,382139.8657696732,1031.64987050063,0.252037994206999,5.0,968,57.4208333333333,9.80833333333333,100.770833333333,14.7530134621198,5.29059756116823,20.043611023288
